{"cameraMode":{"drawMode":0,"name":"Shaded","section":"Shading Mode"},"sceneLighting":true,"audioPlay":false,"sceneViewState":{"showFog":true,"showMaterialUpdate":false,"showSkybox":true,"showFlares":true,"showImageEffects":true,"showParticleSystems":true},"in2DMode":false,"pivot":{"x":-0.8720006942749023,"y":-38.32377243041992,"z":32.341861724853519},"rotation":{"x":0.40655437111854555,"y":0.14965012669563294,"z":-0.06769482791423798,"w":0.8987518548965454},"size":27.807788848876954,"orthographic":false}