{"cameraMode":{"drawMode":0,"name":"Shaded","section":"Shading Mode"},"sceneLighting":false,"audioPlay":false,"sceneViewState":{"m_AlwaysRefresh":false,"showFog":true,"showSkybox":true,"showFlares":true,"showImageEffects":true,"showParticleSystems":true,"showVisualEffectGraphs":true,"m_FxEnabled":true},"in2DMode":false,"pivot":{"x":4.244595527648926,"y":6.448348522186279,"z":-7.481197357177734},"rotation":{"x":0.19025714695453645,"y":0.09408735483884812,"z":-0.018293878063559533,"w":0.9770892858505249},"size":3.1555631160736086,"orthographic":false}