{"cameraMode":{"drawMode":0,"name":"Shaded","section":"Shading Mode"},"sceneLighting":false,"audioPlay":false,"sceneViewState":{"m_AlwaysRefresh":false,"showFog":true,"showSkybox":true,"showFlares":true,"showImageEffects":true,"showParticleSystems":true,"showVisualEffectGraphs":true,"m_FxEnabled":true},"in2DMode":false,"pivot":{"x":-0.40634673833847048,"y":0.1814202070236206,"z":-5.7652692794799809},"rotation":{"x":-0.0017865428235381842,"y":0.9981676340103149,"z":-0.03625895082950592,"w":-0.04914524778723717},"size":4.6555633544921879,"orthographic":false}